id,income
11574,0.39269813842410173
15847,0.1974825741740267
17655,0.2452203854360064
19790,0.5538587909320006
31812,0.26721773744789723
7548,0.26721773744789723
13093,0.8824999999999998
18332,0.24871340541678955
28474,0.8689069264069262
4213,0.0
23199,0.43162458741492615
1426,0.12660658949047177
14097,0.0
32363,0.2897858663775326
25209,0.134
12195,0.3889136166763722
29309,0.17674321152976602
9644,0.026330560288939302
5149,0.10363095238095239
29963,0.4029643412143413
28796,0.05007580069524962
2822,0.5529610218404133
2759,0.5857300402126255
21754,0.725
30594,0.16583669108669105
22000,1.0
2495,0.2288168513168513
4544,0.04335947949652358
16233,0.0981347826873845
27634,0.1293753096617705
21434,0.4988809523809523
31094,0.5382639645778461
3,0.18067171717171715
24102,0.8928055555555556
2861,0.8727380952380953
20994,0.0
8749,0.3139820077651364
19625,0.3491388888888888
6114,0.3889136166763722
10271,0.325655521395143
5418,0.32761995746148187
8973,0.0
11868,0.1621526384596786
27153,0.31481300425664394
24105,0.06
30474,0.17730311644559354
8079,0.5232103174603174
678,0.36077380952380933
19030,0.01
31251,0.6064480368071355
26556,0.745498880290676
11885,0.5521184035262983
22975,0.0
26882,0.028107142857142855
12453,0.4046536774797901
30338,0.04
7196,0.0
2310,0.29123890196042557
10439,0.0
8000,0.06489117931422694
20079,0.018951923076923075
31383,0.3141268341995121
17449,0.0
14177,0.40071415745491995
18995,0.2288597588448282
27079,1.0
6652,0.3134191260218407
11447,0.21476190476190468
4690,0.61694451921316
27679,0.31481300425664394
27323,0.03
23117,0.0
22483,0.0
9791,0.229523961058047
6061,0.0
25894,0.09
20460,0.23812541201548393
7148,0.013333333333333332
12589,0.0
10589,0.03
7514,0.22
27183,0.19730003616937192
11764,0.547285766908162
27766,0.18326562760479767
21550,0.3960146340587516
21762,0.42698914537524696
13697,0.12298745483005115
12057,0.26888933891033673
8754,0.24660515873015856
5098,0.5184007936507936
625,0.19730003616937192
2216,0.8068503880816794
22281,0.09788780984527606
18270,0.3139820077651364
20788,0.3488628309433366
28907,0.5393333333333333
20807,0.48438844488844496
19878,0.31787084208192873
32236,0.0
17919,0.26721773744789723
5759,0.0
31454,0.14762283549783548
28544,0.5328452380952383
27923,0.0
18958,0.0
8198,0.20897904361720163
29544,0.56
25412,0.3882678775472895
20790,0.3033534694417121
694,0.17128688179787457
16533,0.6355216171098677
22683,0.7405824510456861
32246,0.0
153,0.11356060606060607
13901,0.13270238095238096
27444,0.12564102564102564
31554,0.0
30556,0.22837806637806632
18580,0.03983333333333333
10090,0.3806553793581152
20252,0.11732617140277218
1670,0.14042532467532462
7055,0.0041111111111111105
23159,0.18326562760479767
31499,0.1
4379,0.04335947949652358
26289,0.49585714285714283
6552,0.01143847709346681
28526,0.23058333333333333
25495,0.6097088744588745
3834,0.0
9848,0.0
27044,0.3394916564916564
28172,0.3889136166763722
318,0.11174425013366245
22959,0.2288168513168513
13047,0.0
21457,0.0
16179,0.0
16168,0.4360543900543901
29455,0.0
4655,0.26695658028109437
17479,0.00837144805783695
4087,0.19730003616937192
6512,0.3108849359055795
26667,0.01
628,0.3889999999999999
5982,0.0
10266,0.29487419524919517
389,0.99
24708,0.0
13612,0.4728599425600201
11714,0.01143847709346681
13992,0.007142857142857143
21112,0.15
31572,0.4651349206349207
2207,0.0
19554,0.04267857142857143
30641,0.012434000554239188
20354,0.0
24052,0.0
26266,0.28515908817785307
2352,0.8357896825396821
7069,0.0
32183,0.3979198700795931
12154,0.0
9931,0.1637360728114298
28992,0.05007580069524962
798,0.21472011730099955
21396,0.2751089609695609
24534,0.0981347826873845
13391,0.3806553793581152
17859,0.1369518398268398
12663,0.0
4777,0.07364281381075362
30049,0.9613095238095236
6546,0.35540271493212666
2716,0.32530585850599186
23998,0.49895439742575964
5830,0.075
21116,0.26713715451215453
20970,0.0
8711,0.0
15230,0.4163632467925579
4843,0.9328197865172321
1160,0.02
7756,0.006222222222222223
27284,0.3108849359055795
1938,0.5464646059817221
13237,0.5718805672535986
16025,0.34424999999999994
22995,0.28147540808746657
9690,0.67
13547,0.33309523809523806
16442,0.0
27759,0.2288597588448282
14690,0.0
13983,0.0
29748,0.05095238095238095
13056,0.1494364426130244
20165,0.0
3892,0.0
18396,0.20619328628887448
16170,0.667886285283344
23183,0.1546189942729581
17013,0.5377319624819624
10322,0.1494364426130244
11187,0.3684858904403747
27601,0.6379250819699732
32536,0.38619926968456375
29346,0.012434000554239188
4042,0.0
9595,0.2060591766707553
6561,0.004
6532,0.22666666666666666
3449,0.0
10776,0.0
29524,0.06419143338315166
24808,0.0
13703,0.32761995746148187
2961,0.06436721611721612
23693,0.7397227143318469
10833,0.31481300425664394
6192,0.4350746315200481
31413,0.35523809523809524
17363,0.3669442592240811
27438,0.0
17173,0.12298745483005115
4776,0.07896348096348094
4627,0.5467902662782695
4082,0.63
32178,0.0
27755,0.0
17477,0.05023509632569164
686,0.9831428571428572
8720,0.2707409735824365
5311,0.28
284,0.3033534694417121
30902,0.1839919288016073
5935,0.0
2128,0.759861111111111
4905,0.6630867055242937
6457,0.15264935064935067
326,0.13277967898627385
22073,0.5035789610716084
22056,0.0425436507936508
11823,0.3108849359055795
30370,0.0873658259525132
29477,0.12660658949047177
8424,0.2395425685425685
28881,0.0
16935,0.895141627979863
2478,0.7405824510456861
9382,0.0
29342,0.0
32446,0.15009615384615385
7491,0.0
27003,0.00125
24266,0.0
4656,0.0975
8116,0.6630867055242937
8737,0.015
7344,0.16078439615939608
8451,0.42075321891730555
11549,0.07243252743230273
6178,0.5641174644889845
15113,0.32530585850599186
14187,0.15
4161,0.28515908817785307
24996,0.0
1615,0.5194463198381871
21518,0.7265822510822509
6124,0.011153818600725562
28833,0.0
23367,0.44873809523809527
27810,0.165
9378,0.0
13396,0.1494364426130244
14153,0.1282387612387612
15315,0.001495109455053563
22536,0.5484166666666668
12397,0.0
10473,0.1614422799422799
28412,0.3319413919413919
9493,0.05
30455,0.0
32253,0.5445477839583877
10691,0.5464646059817221
11836,0.0
760,0.3975257157273409
31304,0.3108849359055795
23217,0.19730003616937192
16281,0.24275829725829723
9124,0.0
4608,0.1558333333333333
14083,0.25111812057126315
26576,0.31787084208192873
21651,0.12660658949047177
4229,0.48438844488844496
14424,0.26695658028109437
8625,0.1494364426130244
6628,0.1821316732611881
12107,0.1
13185,0.1974091633901163
32387,0.1839919288016073
29857,0.08
30182,0.026330560288939302
25872,0.0
20045,0.41424999999999995
12935,0.10100000000000002
16909,0.44350142882573207
8492,0.0
20851,0.00125
31641,0.0
18826,0.0
14488,0.24684066750243208
31624,0.011153818600725562
25145,0.2937983817431828
9874,0.497309523809524
789,0.2376682378874296
4294,0.3151262734726316
28181,0.19457539682539682
12841,0.0
31461,0.43009309322428524
27978,0.05083333333333333
12075,0.2600833333333332
32231,0.5133974358974359
17836,0.5194463198381871
11655,0.005
20028,0.1637360728114298
8998,0.09788780984527606
25238,0.04452380952380953
11971,0.42478433595495735
11047,0.6773663738222561
6739,0.0
13499,0.5093333333333333
510,0.128
25355,0.1821316732611881
24354,0.5966666666666667
22944,0.5538587909320006
21787,0.1311809579309579
5579,0.0
23817,0.229523961058047
25172,0.18342355796937834
18535,0.2452203854360064
20408,0.42075321891730555
8066,0.0
13889,0.1839919288016073
4653,0.5471515305118902
14881,0.5641174644889845
23364,0.2376682378874296
21578,0.07700108225108225
30604,0.0
67,0.87
29780,0.593986867139447
22708,0.9611818181818181
22783,0.0
21944,0.36404948856939084
208,0.0
8155,0.0
22695,0.5386369374089964
13530,0.07243252743230273
30096,0.5641174644889845
516,0.4809172100470158
10656,0.5386369374089964
14269,0.0
15830,0.24833333333333332
23107,0.002
4238,0.215
9396,0.2221962349980643
6289,0.0
13728,0.02
31749,0.3139820077651364
30681,0.5815101010101008
12170,0.6275357142857141
20007,0.19090091934209577
4100,0.0
2137,0.8422975080475077
27906,0.18988568969258282
31114,0.0
30808,0.030974358974358976
9108,0.6528191620972688
30245,0.09761349651038387
1976,0.6630867055242937
29562,0.23986507936507928
18641,0.09761349651038387
13459,0.36685092685092663
768,1.0
26090,0.8251666666666668
23214,0.26084907240500294
6307,0.002
21923,0.0
21614,0.61694451921316
9903,0.25
7857,0.013972868217054265
23061,0.12660658949047177
24309,0.05007580069524962
6799,0.0
18251,0.3033534694417121
4943,0.26721773744789723
25581,0.6527481129981131
27639,0.0
29568,0.6462046176046177
31220,0.011153818600725562
28713,0.01
1251,0.0
6070,0.01
1201,0.20350212998628564
16955,0.3139820077651364
32189,0.12632872682872678
3451,0.04335947949652358
3911,0.09
28891,0.14601974856928415
25703,0.0
20213,0.7252584033613445
25850,0.08730115338934105
22384,0.3453542568542568
21980,0.18586726190688915
29160,0.04352380952380953
29512,0.0
10875,0.0
23209,0.0
15496,0.05023509632569164
17962,0.37200020597737293
2585,0.28663141292560645
3704,0.36685092685092663
17182,0.8793111850507495
28196,0.06489117931422694
18803,0.0
8153,0.0
8339,0.5233333333333333
19333,0.16190787931725464
21003,0.4132896825396827
1385,0.3652338689794224
28587,0.0
14479,0.0
9348,0.06760103238860851
10902,0.5238206340872749
24038,0.4954744509842468
28224,0.0
13650,0.11732617140277218
32437,0.1865
27275,0.39
31581,0.8750358530358526
8639,0.0
7641,0.01513888888888889
22010,0.1839919288016073
24048,0.2897858663775326
28169,0.021538461538461538
15026,0.12134760606400377
21718,0.0
22540,0.12298745483005115
26598,0.0
21398,0.37416666666666665
14585,0.2972619047619047
18440,0.0
3473,0.11083333333333333
5564,0.12134760606400377
4952,0.026330560288939302
25073,0.12570848595848597
29684,0.2060591766707553
23966,0.5441666666666667
261,0.0
9906,0.0
25599,0.6425
5722,0.03765237125158996
14781,0.28147540808746657
26433,0.0
21220,0.542444269606943
21702,0.06489117931422694
13675,0.0
27551,0.06489117931422694
32355,0.21393398268398264
19617,0.6673136200716846
185,0.5272619047619048
958,0.5641174644889845
15825,0.05023509632569164
11469,0.17250498338870435
13833,0.0025
14762,0.02484989569907387
16836,0.5062065485273758
31462,0.0
27477,0.01
17795,0.3865537448726139
22363,0.8782368421052632
2499,0.5648073919544507
22040,0.62
32267,0.2452203854360064
22738,0.0
15475,0.0
9250,0.0
32354,0.0
23005,0.0
15022,0.26084907240500294
26648,0.0
17922,0.01
29498,0.17128688179787457
19204,0.22952380952380946
12416,0.06489117931422694
23197,0.02
26857,0.49585714285714283
26095,0.17674321152976602
29481,0.01
8916,0.015888888888888886
13280,0.0013333333333333333
24596,0.39181349206349203
55,0.6063721979429242
2420,0.0
25576,0.3669442592240811
6848,0.18988568969258282
1901,0.16190787931725464
25988,0.0
27075,0.0
1812,0.25230952380952365
3689,0.28663141292560645
6760,0.39
18352,0.0
5650,0.4862606516290726
1776,0.5533333333333333
14810,0.0
5626,0.18988568969258282
24306,0.6063721979429242
9820,0.46104116463172196
10339,0.1818190836940837
7628,0.0
4101,0.165
1465,0.002
24811,0.0
437,0.28663141292560645
23455,0.20350212998628564
28866,0.0
4440,0.027922161172161175
14593,0.05007580069524962
26353,0.31787084208192873
3619,0.73
1647,0.925
6183,0.0981347826873845
24326,0.6680652958152958
23337,0.0
15195,0.16583333333333333
31389,0.7405824510456861
8910,0.12632872682872678
19212,0.5798373015873016
21665,0.07857142857142857
663,1.0
9104,0.46894175831908025
1091,0.0
7041,0.5822459924836086
5260,0.5382639645778461
7771,0.02484989569907387
8579,0.0
8552,0.28666423445885697
1653,0.877456543456543
22150,0.07243252743230273
1014,0.1818190836940837
1474,0.06489117931422694
25404,0.7035550887021477
26990,0.0
26530,0.07243252743230273
24729,0.011153818600725562
18132,0.18342355796937834
29440,0.0
18106,0.0
19405,0.11732617140277218
26327,0.0
19273,0.9884821428571428
29264,0.444328947368421
11281,0.229523961058047
3378,0.06760103238860851
9898,0.11174425013366245
24945,0.06489117931422694
26895,0.3488628309433366
24008,0.0
19824,0.0
6326,0.6379310344827586
12961,0.15333914984535385
31380,0.0
21698,0.542444269606943
22214,0.07
17717,0.185
17663,0.14981393168910584
26081,0.0
32395,0.17128688179787457
3831,0.0
10490,1.0
29627,0.5198894349114938
8382,0.1621526384596786
21394,0.20350212998628564
20665,0.3108849359055795
847,0.84
31802,0.14200000000000002
11194,0.003333333333333333
23982,0.0
32303,0.0
15610,0.0
5949,0.5321901902893624
2101,0.8902380952380952
10831,0.22777777777777777
484,0.818
10124,0.05523430967896911
25780,0.0
25879,0.0
27277,0.0
7435,0.008666666666666666
29777,0.23812541201548393
12576,0.12419264568840614
6964,0.19016666666666665
21620,0.229523961058047
19509,0.04
19038,0.16606457431457428
22974,0.0
32269,0.1637360728114298
18461,0.5332998299319727
18357,0.660595238095238
6319,0.03604212956038996
29200,0.0
3746,0.4765634109612437
5325,0.11895775071858065
24687,0.6063721979429242
4803,0.07364281381075362
3117,0.11462926779103247
27475,0.09788780984527606
6334,0.11732617140277218
15770,0.5915559163059164
13532,0.0
21931,0.65
26949,0.5544044418388113
6920,0.0
15232,0.08730115338934105
24573,0.2765714285714286
23,0.5464646059817221
20283,0.01
17904,0.18965919074925305
23568,0.21843314726209465
32156,0.7025123487623488
2098,0.8923761516261517
16300,0.2288597588448282
15467,0.18988568969258282
30335,0.18965919074925305
4014,0.19730003616937192
4468,0.23812541201548393
308,0.0
8543,0.4350746315200481
5286,0.29487419524919517
26236,0.3108849359055795
14277,0.0275
7458,0.05007580069524962
6926,0.0
1751,0.7089285714285714
17425,0.0
20245,0.0
5581,0.18409268509268512
31551,0.15951319795958638
1095,0.0
9041,0.24871340541678955
8009,0.0
24805,0.0
19666,0.3806553793581152
30341,0.00837144805783695
14324,0.26888933891033673
23904,0.747575102245162
21010,0.37200020597737293
17890,0.3139820077651364
30169,0.4763977170831074
32299,0.24416666666666664
12878,0.28515908817785307
4565,0.0
18238,0.025
18620,0.14333333333333334
17606,0.43392857142857144
19321,0.005
25453,0.0
22554,0.0013636363636363635
849,0.5062065485273758
12312,0.25230952380952365
14680,0.941153735153735
5297,0.3139820077651364
11476,0.020769230769230766
6862,0.4416666666666667
4316,0.41464216701173223
9296,0.08730115338934105
6482,0.0
15215,0.3134191260218407
8277,0.56
9864,0.4350746315200481
13955,0.0
17940,0.0
11078,0.342
12668,0.3859960317460316
256,0.07461256819342596
5763,0.5240978088848273
28110,0.3033534694417121
26472,0.9211006428212304
32184,0.6944999999999999
16463,0.0
26169,0.09391151946249676
10372,0.01143847709346681
20748,0.09333333333333332
16280,0.4763977170831074
14528,0.9313492063492064
8765,0.01
23289,0.0
4187,0.28147540808746657
9049,0.31481300425664394
12918,0.4818575681367999
14769,0.13277967898627385
4337,0.3134191260218407
18010,0.2452203854360064
15082,0.0
32152,0.067264195728592
8429,0.2707409735824365
19550,0.026330560288939302
2062,0.7733333333333333
9075,0.0
15166,0.3639431124431124
1204,0.17
5921,0.4564058441558441
17077,0.0
14480,0.0
31395,0.0
15648,0.40569055505897617
32130,0.0
25280,0.0
9552,0.4847341269841271
26742,0.01
882,0.17674321152976602
31863,0.01143847709346681
11737,0.00125
7538,0.08
16809,0.03833333333333334
25399,0.0
14040,0.7731523064998299
22786,0.4607673992673994
18176,0.3675088219712797
31001,0.0
3154,0.12660658949047177
28560,0.05007580069524962
28543,0.0
23355,0.5529610218404133
20113,0.0
7969,0.542444269606943
19477,0.26695658028109437
6981,0.3471684704184704
25257,0.02
10383,0.1821316732611881
12344,0.06180643792911595
2419,0.1974825741740267
7915,0.3488628309433366
12329,0.4564058441558441
29166,1.0
4651,0.035
10885,0.0
14521,0.2288597588448282
20749,0.2452203854360064
11959,0.3033534694417121
2999,0.7875
17428,0.6377420634920633
20179,0.0
19595,0.0
22289,0.0189637607175748
31765,0.0
21043,0.012434000554239188
4170,0.04
15203,0.11732617140277218
9930,0.06760103238860851
9751,0.02
1171,0.0275
23286,0.1821316732611881
1950,0.02087191112382928
6560,0.9205833333333334
7566,0.3151262734726316
15027,0.1839919288016073
25707,0.5815101010101008
19933,0.06489117931422694
26725,0.25628174603174597
26608,0.19566666666666666
30929,0.2897858663775326
21320,0.0
25834,0.28666423445885697
32179,0.26084907240500294
28592,0.3806553793581152
2442,0.5638333333333335
26441,0.0
31607,0.01
13303,0.1258108541785012
16424,0.0
10487,0.0
11875,0.170312073633281
28292,0.5017197802197803
28354,0.5016666666666666
9351,0.18140820594244006
15571,0.0024962165801430576
7937,0.22086917852234333
15061,0.18988568969258282
18477,0.021633333333333334
8234,0.4772079390303041
28413,0.5427188051800279
12374,0.5060876582142455
26885,0.2927079261602277
546,0.10107417582417583
28270,0.0
34,0.33403150444326896
25345,0.01986111111111111
29064,0.8781004551004545
20947,0.465
3759,0.0
6714,0.1821316732611881
21487,0.05023509632569164
6390,0.0
25646,0.04335947949652358
9017,0.0
177,0.4297081529581531
29028,0.07243252743230273
17241,0.11038086767034132
2681,0.7520724033878059
2983,0.04335947949652358
6594,0.0
2205,0.003333333333333333
26425,0.0
727,0.0
10484,0.16546563787538343
13245,0.9328197865172321
20968,0.2376682378874296
25258,0.100164820473644
20879,0.14416666666666667
4307,0.32497156352419493
2089,0.0
8654,0.26661616161616153
9457,0.22407142857142848
31044,0.0
30547,0.003333333333333333
26523,0.5382639645778461
8900,0.01
32530,0.011153818600725562
27155,0.3033534694417121
24406,0.1621526384596786
21905,0.03765237125158996
29270,0.15951319795958638
12723,0.015888888888888886
532,0.0189637607175748
29899,0.3829761904761905
11038,0.7443578944705105
9548,0.09
8149,0.27091966040495447
31242,0.0
26069,0.3287324910645209
3884,0.003333333333333333
28814,0.19730003616937192
21660,0.8377940964264491
6525,0.19
1062,0.0
18165,0.3138521614030513
25648,0.401393688011335
24410,0.46742857142857125
25984,0.5860762537685911
16953,0.0
29134,0.0
18939,0.08106728359841624
18817,1.0
28591,0.13810343010532303
750,0.4961269841269843
13188,0.0625
10333,0.89
13485,0.07316666666666667
280,0.2897858663775326
26620,0.0
13430,0.0
31093,0.98
3393,0.10370238095238093
6062,0.12570848595848597
28820,0.0
24120,0.12660658949047177
13429,0.03342857142857143
9325,0.18157142857142855
26461,0.0
20952,0.0
4153,0.0
1738,0.1954989783451596
8374,0.07
10404,0.547285766908162
20531,0.10640532032991253
20406,0.7811969974469969
22660,0.1974825741740267
30503,0.0
30423,0.02
27896,0.24871340541678955
21192,0.20120238095238094
18911,0.2288597588448282
27338,0.23812541201548393
13007,0.5982564682479544
30750,0.3321061438561437
8171,0.0
17373,0.0
9577,0.05007580069524962
29624,0.0
23189,0.0
19892,0.0
8303,0.0
4891,0.3951428571428572
23459,0.028857142857142856
30936,0.4132896825396827
17421,0.3889136166763722
21595,0.0
20881,0.162
16006,0.07461256819342596
21650,0.3488628309433366
24711,0.7239518515540186
11554,0.18966723472605826
4444,0.0
12816,0.0
12988,0.6433333333333333
6657,0.23820571687840297
5539,0.5641174644889845
14560,0.1364667727614961
7128,0.026330560288939302
26600,0.0
9073,0.3321666666666666
6144,0.1839919288016073
30051,0.011153818600725562
23121,0.04721510897393241
18119,0.24871340541678955
21945,0.05023509632569164
15163,0.2034859987998882
9829,0.23053460832735315
10607,0.1974091633901163
12053,0.0
7904,0.2288597588448282
25572,0.0
26520,0.5091071428571428
14540,0.07
25352,0.19276104209799866
26148,0.2288597588448282
19956,0.02484989569907387
21361,0.0
20503,0.3675088219712797
19709,0.012434000554239188
24549,0.05723748473748473
11237,0.07251966089466091
22857,0.11174425013366245
22917,0.5610455463862354
32079,0.30439069264069263
20942,0.08730115338934105
1052,0.6064480368071355
31147,0.5591666666666666
29259,0.4653256258518405
28905,0.01
25036,0.8816666666666666
20030,0.023333333333333334
8150,0.0
9422,0.8123333333333334
645,0.96
22539,0.12134760606400377
22749,0.0
18336,0.0
21825,0.599
14862,0.1974825741740267
11160,0.09328248140748141
28200,0.0
24133,0.9383333333333332
21922,0.39
8464,0.11895775071858065
26975,0.12660658949047177
29286,0.027641025641025642
13941,0.00837144805783695
29255,0.0
9901,0.22289954337899545
20206,0.0
11546,0.299345238095238
15401,0.34
9364,0.0873658259525132
14765,0.0
21551,0.2592023809523809
30861,0.5427741401138436
28385,0.9541666666666667
29029,0.11732617140277218
15085,0.05007580069524962
16985,0.33154745254745244
25008,0.6703806597099315
28299,0.3033534694417121
18149,0.0
18656,0.0
13066,0.23053460832735315
16383,0.0
273,0.3321061438561437
32290,1.0
11542,0.5544044418388113
20436,0.2548517316017314
4293,0.005
444,0.4564058441558441
25254,0.20246548115627058
18371,0.971
7805,0.0
6772,0.1821316732611881
28207,0.6462046176046177
15112,0.11000724765430649
22874,0.05
31840,0.0857812391856509
5261,0.05
1763,0.6304166666666666
2280,0.4653256258518405
26385,0.6599509803921569
28535,0.2060591766707553
20863,0.6943901515151515
28825,0.96
6011,0.253345238095238
21310,0.0
30858,0.1974091633901163
19382,0.0
16382,0.22833333333333333
21886,0.0
26571,0.0
10442,0.4818575681367999
5276,0.5641174644889845
29537,0.8217154234654233
11107,0.13502680652680651
17498,0.00837144805783695
9823,0.4582777777777778
14873,0.26084907240500294
28256,0.18965919074925305
2879,0.35701587301587295
31960,0.8600209235209231
29441,0.13277967898627385
25174,0.026330560288939302
10633,0.1016601911160735
6869,0.11174425013366245
23699,0.08730115338934105
24495,0.0
25888,0.15058823529411763
22025,0.04721510897393241
5657,0.03765237125158996
9586,0.3134191260218407
17786,0.9599444444444444
9005,0.0
7333,0.18477922077922082
4901,0.04366666666666667
24629,0.40449572649572657
12620,0.0
25722,0.8571785714285715
1356,0.44648179933241855
11866,0.17250498338870435
7060,0.4046536774797901
30329,0.026330560288939302
30492,0.6050476190476188
12233,0.04083333333333334
20217,0.47494444444444434
22606,0.0
24782,0.0
25332,0.01143847709346681
25246,0.0
22013,0.195
22993,0.7597619047619049
11711,0.030333333333333334
3901,0.25111812057126315
25588,0.2937983817431828
19915,0.06466666666666666
25141,0.0
24364,0.2879383384234875
16244,0.15333914984535385
7512,0.16504610009873166
23845,0.4912619047619047
12012,0.12134760606400377
18021,0.0
27311,0.3151262734726316
9797,0.0
11738,0.04373160173160174
29118,0.27462968975468965
9519,0.0
27499,0.5464646059817221
18629,0.0
1754,0.3266666666666667
23918,0.5096666666666667
21827,0.8008986291486286
22966,0.0
30856,0.2177133130027866
25200,0.534
23365,0.5443928571428571
5408,0.06306451612903226
17699,0.11174425013366245
26395,0.26253283945157
22285,0.15195238095238095
2767,0.3964858981383891
5975,0.12660658949047177
18661,0.3586558441558442
9014,0.16816666666666666
5495,0.006999999999999999
20407,0.02484989569907387
12041,0.06419143338315166
28359,0.0
23192,0.73
12686,0.18965919074925305
7819,0.1282387612387612
13881,0.46537953712953706
14688,0.31481300425664394
18543,0.31787084208192873
21477,0.3150238095238095
25996,0.1431212121212121
6936,0.3960146340587516
32274,0.0
15706,0.7952840802987862
14761,0.747575102245162
12123,0.0
26260,0.667886285283344
25627,0.0
2161,0.8362068487068481
32043,0.0
12910,0.08730115338934105
500,0.8073344017094017
29116,0.3139820077651364
12023,0.0
2602,0.44432562801162895
30476,0.9709902597402598
12209,0.6508831490147277
22299,0.23812541201548393
24801,0.6723236585109649
22505,0.43
24951,0.0
24370,0.747575102245162
6518,0.3889136166763722
17678,0.2149534782065573
11177,0.5464646059817221
338,0.09142857142857144
18601,0.3808333333333333
32314,0.23053460832735315
17571,0.0189637607175748
15089,0.0005331632653061225
25544,0.0
5738,0.17128688179787457
9655,0.0
24468,0.0
20427,0.4046536774797901
6244,0.0
14895,0.04335947949652358
31442,0.11
5302,0.09
8589,0.32761995746148187
9101,0.09391151946249676
296,0.1621526384596786
1726,0.9466666666666665
30991,0.0
12225,0.44
19048,0.7630992063492061
25777,0.3979198700795931
17494,0.5068801753801754
6763,0.32530585850599186
7467,0.3033534694417121
8338,0.4923075114289994
23353,0.4031598124098125
14133,0.42075321891730555
7626,0.40449572649572657
21952,0.1494364426130244
7949,0.19666666666666666
13437,0.4809172100470158
2859,0.5471515305118902
7944,0.0
8260,0.44205555555555553
8082,0.99
25725,0.0
17378,0.6173333333333333
22487,0.026330560288939302
25809,0.005
15966,0.3861666666666666
26331,0.01
15223,0.0
26929,0.4046536774797901
13756,0.046838976426694476
25863,0.5029002664002663
19209,0.07243252743230273
20958,0.3488628309433366
528,0.12660658949047177
16389,0.2927079261602277
22643,0.5073549783549783
26561,0.33864285714285713
9180,0.7252584033613445
22288,0.0
27935,0.02
13177,0.07529543327142936
13569,0.42478433595495735
6966,0.09485270998351489
2454,0.3889999999999999
3041,0.6076666666666667
17349,0.0
22922,0.5126190476190476
15252,0.05023509632569164
2933,0.3639431124431124
15149,0.5200436507936508
1554,0.0981347826873845
17097,0.08360714285714285
24148,0.06
23886,0.1839919288016073
9262,0.4519999999999999
7524,0.4728599425600201
29889,0.28458030715900207
21424,0.6387010431683303
11394,0.0
31377,0.3287324910645209
8189,0.07461256819342596
6318,0.33
18310,0.0
24822,0.5822459924836086
22,0.0
10140,0.0
28366,0.895141627979863
27299,0.0
6485,0.3488628309433366
25318,0.0
16693,0.1494364426130244
4035,0.229523961058047
24901,0.3488628309433366
17734,0.02
23484,0.013333333333333332
24002,0.03765237125158996
7131,0.07243252743230273
28585,0.170312073633281
2342,0.3964858981383891
32319,0.5382639645778461
11878,0.0
4892,0.22832088744588738
474,0.8750358530358526
13826,0.16842457195367402
19397,0.5815101010101008
2238,0.03833333333333334
26880,0.015
6231,0.011338461538461537
21132,0.03765237125158996
5486,0.5321901902893624
21414,0.0
18626,0.0
31797,0.105
22528,0.0
3092,0.28666423445885697
15228,0.0
28217,0.04335947949652358
7980,0.6920000000000001
8388,0.33885714285714286
22981,0.2548517316017314
31724,0.20350212998628564
21091,0.07595238095238094
13024,0.24871340541678955
28209,0.0
20131,0.43309400932632497
29422,0.2707409735824365
28295,0.2288597588448282
12549,0.05
5776,0.1974825741740267
21780,0.0
15816,0.0
4930,0.011153818600725562
23528,0.23876911308470944
17740,0.0
32080,0.1821316732611881
21849,0.012434000554239188
5412,0.2751089609695609
7758,0.11174425013366245
14338,0.01
30122,0.044333333333333336
31837,0.7055
22391,0.5224365079365081
22153,0.4351666666666668
4268,0.0
21591,0.04335947949652358
11642,0.19730003616937192
24323,0.6788614295061661
6576,0.8203505954829481
28425,0.2317063492063491
30722,0.07250000000000001
6139,0.12660658949047177
21766,0.28663141292560645
28435,0.04166666666666666
29574,0.0
3872,0.18988568969258282
1549,0.995
25761,0.0
18739,0.0
15403,0.19090091934209577
13578,0.11732617140277218
4947,0.0
9204,0.245541958041958
28929,0.03604212956038996
23116,0.03765237125158996
22996,0.0
20101,0.1821316732611881
24089,0.13789518615084417
23115,0.1494364426130244
6819,0.0
11606,0.0
1368,0.0
149,0.10364932289932284
24463,0.0
12279,0.4046536774797901
8019,0.0
26816,0.5062065485273758
13165,0.004285714285714285
6901,0.28147540808746657
29332,0.0
16552,0.01
5272,0.0
6647,0.0
25918,0.36
30663,0.9895512265512264
405,0.99
13629,0.02
7136,0.0
26942,0.11895775071858065
24460,0.0
17983,0.17128688179787457
18503,0.46537953712953706
30828,0.07364281381075362
11216,0.005
9024,0.018951923076923075
15177,0.11380952380952382
8078,0.34
15066,0.05007580069524962
6853,0.15
31278,0.6523663142413141
1070,0.9408333333333333
31771,0.11732617140277218
25283,0.5610455463862354
20884,0.09433333333333332
31787,0.2548517316017314
7582,0.0
5294,0.09788780984527606
19409,0.2707409735824365
22963,0.1494364426130244
13001,0.0
29881,0.13789518615084417
28829,0.29487419524919517
2192,0.17173290598290594
8113,0.99
9719,0.968558608058608
29244,0.3319413919413919
13974,0.03765237125158996
2044,0.17730311644559354
24537,0.0
14266,0.29487419524919517
17146,0.0
22071,0.18411580086580084
7581,0.4484725098005149
13860,0.0
25788,0.0
22651,0.0
2081,0.3526659035409032
908,0.07243252743230273
30560,0.0
23564,0.07416666666666667
14678,0.011153818600725562
27754,0.26253283945157
16895,0.2667272727272727
28528,0.6866666666666668
20631,0.26253283945157
16381,0.0
15731,0.4161666666666667
4279,0.2634024309024309
2776,0.229523961058047
32344,0.1696666666666667
29555,0.6897380952380953
26138,0.6172857142857143
28113,0.36404948856939084
28409,0.0
9633,0.4818575681367999
13980,0.33
8626,0.5035789610716084
2235,0.2225
8238,0.09788780984527606
15245,0.0
26501,0.006999999999999999
16646,0.245541958041958
21803,0.0
5865,0.0
4070,0.0
27643,0.01
24740,0.04166666666666667
4205,0.0
22988,0.42007660748600245
30554,0.0
12830,0.19176285268738819
2302,0.875
22202,0.5921666666666666
18066,0.0
23795,0.16265945165945161
4165,0.0
23126,0.29
30962,0.0
3489,0.08785199693032172
6615,0.0
58,0.895141627979863
31774,0.31787084208192873
29307,0.13277967898627385
30680,0.16125
5339,0.5544044418388113
26388,0.5330956543456541
28923,0.19266666666666665
15291,0.0
596,0.5427741401138436
27790,0.007083333333333333
25430,0.11732617140277218
19466,0.3627359307359306
1405,0.07
10709,0.0021272951837467964
30771,0.0
27063,0.0
17065,0.07461256819342596
16596,0.8815000000000001
19701,0.030750000000000003
7007,0.0
19377,0.24871340541678955
27610,0.03765237125158996
12695,0.04335947949652358
12239,0.20477778269629024
3894,0.14042532467532462
19148,0.16125
28969,0.0
31248,0.03765237125158996
582,0.245541958041958
14117,0.01
29954,0.4663333333333334
6346,0.0
1414,0.5427741401138436
778,0.5392509192011095
30027,0.01
29012,0.17766666666666667
27747,0.0
12449,0.29
12940,0.31787084208192873
30270,0.0
9074,0.4361247581108262
7220,0.0
19131,0.17128688179787457
8481,0.19112947222208884
25060,0.14333333333333334
28024,0.04
4494,0.26253283945157
26536,0.002
15489,0.45279365079365086
3926,0.23876911308470944
5902,0.004
3903,0.18586726190688915
2323,0.0
25478,0.0857812391856509
1486,0.0
16307,0.6566666666666666
17686,0.0
21095,0.04335947949652358
7054,0.5388588860400007
5665,0.20350212998628564
3652,0.0
25213,0.18411580086580084
20860,0.03561904761904762
7591,0.26695658028109437
26923,0.932
17943,0.22086917852234333
3952,0.2425
10256,0.27462968975468965
15188,0.0
5943,0.02
8789,0.17730311644559354
30351,0.2846547619047619
4121,0.25111812057126315
9245,0.077
20857,0.0
9941,0.6379250819699732
16951,0.0
8177,0.24871340541678955
19374,0.6110476190476188
18771,0.0
3632,0.1954989783451596
23058,0.78
8297,0.04335947949652358
2583,0.5544044418388113
26046,0.01
25239,0.35600000000000004
14804,0.06045464094728801
27596,0.6064480368071355
5612,0.3635054112554111
12425,0.36200000000000004
4508,0.23
1973,0.547285766908162
2220,0.39417965367965374
6927,0.2452203854360064
31568,0.11732617140277218
10968,0.6612446757236872
31761,0.0
25673,0.4312300199800198
30446,0.08573593073593073
30147,0.07364281381075362
24194,0.5238206340872749
30895,0.05023509632569164
8704,0.0
31309,0.0
21191,0.06476058860972711
971,0.25111812057126315
30333,0.8630714285714286
27933,0.20350212998628564
27490,0.0
7871,0.04
20917,0.6360364485445753
25111,0.00625
15585,0.0
21969,0.07461256819342596
10524,0.03765237125158996
23032,0.013089297239754905
17158,0.8883333333333333
21965,0.04335947949652358
28979,0.2897858663775326
2513,0.39269813842410173
21246,0.3806553793581152
9717,0.229523961058047
9732,0.0
14104,0.0189637607175748
20597,0.00837144805783695
8340,0.6439647154960622
18030,0.08268570244049787
24884,0.0
22350,0.5641174644889845
15236,0.5641174644889845
7929,0.011153818600725562
1168,0.9577738095238095
27104,0.0
7096,0.2910595238095237
11257,0.5386369374089964
14930,0.12419264568840614
30127,0.11462926779103247
1674,0.5218809523809523
8154,0.05007580069524962
17062,0.7701923076923077
9406,0.09788780984527606
399,0.13815279165279162
12773,0.0
18287,0.0
1816,0.24684066750243208
14403,0.06153968253968254
23009,0.25903084444834357
21816,0.3134191260218407
22843,0.3033534694417121
9136,0.07243252743230273
24177,0.0
17863,0.03833333333333334
17603,0.204
19491,0.23053460832735315
28225,0.01
31378,0.12660658949047177
18633,0.011153818600725562
5976,0.1637360728114298
13506,0.6022420634920636
1886,0.5860762537685911
11273,0.09788780984527606
12975,0.14167285813527955
28759,0.0
24541,0.35672222222222216
10773,0.1
20434,0.2156666666666667
10637,0.05
9867,0.8264444444444444
5166,0.0
26045,0.1418960761460761
21628,0.5445477839583877
12232,0.3199114496614496
6385,0.13277967898627385
19744,0.020277777777777777
23177,0.0
7905,0.0
28549,0.1621526384596786
9674,0.19730003616937192
29364,0.31481300425664394
26141,0.0
8298,0.0
4124,0.03
8705,0.2288597588448282
32223,0.0
14298,0.419136007504533
28957,0.0
20500,0.14930926670239933
25859,0.11895775071858065
8810,0.31
17296,0.03333333333333333
19264,0.0
18616,0.0
15240,0.0
6079,0.6360364485445753
28120,0.09761349651038387
20906,0.0855584130586344
24743,0.39661621630003974
111,0.22223593073593065
27266,0.20897904361720163
13517,0.8401934176934174
19959,0.5234722222222223
7999,0.0
32018,0.0
20997,0.6039217658192453
31870,0.025
31654,0.3960146340587516
5341,0.1839919288016073
7427,0.02484989569907387
1418,0.3413333333333333
14577,0.4809172100470158
27688,0.0
18920,0.3684858904403747
18536,0.2376682378874296
30581,0.0
26407,0.11732617140277218
30002,0.36
23740,0.6907692307692308
12081,0.0
29104,0.23812541201548393
10639,0.08119007292155489
9421,0.3365471431815218
31892,0.9775
11529,0.72
4313,0.229523961058047
7292,0.4020182637709726
17098,0.5996666666666666
26626,0.40495644890884813
29685,0.0
18819,0.0
31099,0.7350226308237311
4291,0.46894175831908025
12434,0.03765237125158996
739,0.08119007292155489
30890,0.2034859987998882
20935,0.0
30938,0.28663141292560645
2962,0.3488628309433366
22914,0.0
10089,0.025
11557,0.0
28688,0.4672539682539684
15639,0.6861261026512858
29261,0.026330560288939302
32497,0.06489117931422694
24853,0.03337012987012986
12702,0.5772778875100698
3780,0.0
7533,0.03
23227,0.13092074592074585
12410,0.02484989569907387
8415,0.025833333333333333
7248,0.170312073633281
10683,0.0
15420,0.05064935064935065
1498,0.28661904761904755
29893,0.05007580069524962
10926,0.30117673992673977
15725,0.0
18785,0.3405555555555555
5211,0.1821316732611881
4904,0.43162458741492615
6454,0.0
26036,0.18326562760479767
3498,0.031
10492,0.5211869081102258
24197,0.5817575757575757
20392,0.1494364426130244
946,0.18988568969258282
13589,0.2927079261602277
14421,0.0
6405,0.0633030303030303
7118,0.1821316732611881
22271,0.6490507460861477
22314,0.2897858663775326
1842,0.6593303363303362
23219,0.20350212998628564
22463,0.11947079262188559
20864,0.0
30919,0.0
18415,0.033
30365,0.0
4095,0.0
282,0.1271406648906649
10719,0.1429754412254412
30710,0.22952380952380946
6648,0.0
20853,0.1839919288016073
17707,0.06
2296,0.06
4582,0.16190787931725464
12783,0.17
21862,0.4564058441558441
1448,0.17644736842105263
1402,0.0
20655,0.06180643792911595
22211,0.03765237125158996
5346,0.0
25465,0.46894175831908025
7958,0.0
12287,0.5392509192011095
28421,0.02
4274,0.20619328628887448
5053,0.0996153846153846
14317,0.0
30848,0.547285766908162
1696,0.8970454545454547
8227,0.29
12003,0.3668165094709211
12603,0.3889136166763722
81,0.9079999999999999
26606,0.0189637607175748
15834,0.050666666666666665
874,0.27465800865800855
31902,0.3479347041847042
6391,0.56
6578,0.6462046176046177
23354,0.11174425013366245
24519,0.33
24439,0.16149999999999998
10376,0.11732617140277218
8390,0.028833333333333336
900,0.4923075114289994
8021,0.1974091633901163
26015,0.39269813842410173
1137,0.5060876582142455
4192,0.0
30059,0.0
17721,0.2897858663775326
23781,0.06466666666666666
29887,0.40804761904761916
30400,0.9496547619047618
17654,0.02
30963,0.1821316732611881
14672,0.5464646059817221
28007,0.0
6176,0.1954989783451596
29088,0.6723236585109649
1508,0.0
9667,0.1839919288016073
20474,0.0
5683,0.02333333333333333
16750,0.17128688179787457
30705,0.09788780984527606
7293,0.28666423445885697
4280,0.2707409735824365
20834,0.26695658028109437
14401,0.09391151946249676
31900,0.13789518615084417
5895,0.026330560288939302
12143,0.0
6631,0.4762501665001664
15938,0.2295672901257841
29154,0.26084907240500294
3893,0.30397823719108547
10551,0.7996740759240758
5774,0.0024285714285714284
13367,0.0
2715,0.4484725098005149
20151,0.3603571428571428
7945,0.2897858663775326
14541,0.17730311644559354
24,0.05333333333333334
28850,0.0
7936,0.26695658028109437
24704,0.03333333333333333
23596,0.8369999999999999
24574,0.012434000554239188
21049,0.5471515305118902
10986,0.028222222222222218
27802,0.0125
19025,0.0
4130,0.20246548115627058
5910,0.0
30033,0.05007580069524962
26175,0.08277777777777777
5385,0.0
9502,0.419136007504533
7978,0.07243252743230273
30331,0.5756212121212122
13230,0.024642607392607388
17702,0.3975257157273409
10167,0.5480952380952381
23336,0.0
24877,0.547285766908162
22751,0.6039217658192453
25518,0.12134760606400377
19793,0.12298745483005115
1423,1.0
9006,0.26084907240500294
22831,0.23199999999999998
15537,0.12808333333333333
11787,0.07461256819342596
31751,0.0
23788,0.03765237125158996
18815,0.5915559163059164
22927,0.4046536774797901
10651,0.0
31161,0.33885714285714286
4669,0.03604212956038996
26669,0.0
16158,0.5073549783549783
10434,0.09761349651038387
16435,0.28624872349872343
23816,0.0
18949,0.0
27541,0.4484725098005149
20552,0.13789518615084417
2072,0.747575102245162
4942,0.11895775071858065
12982,0.12660658949047177
6531,0.0
17,0.99
9782,0.13789518615084417
21054,0.35016666666666674
5136,0.2707409735824365
9028,0.4416666666666667
1102,0.0
4500,0.04721510897393241
14993,0.0
17132,0.2707409735824365
1317,0.28147540808746657
25909,0.12333333333333332
1537,0.31787084208192873
9036,0.012434000554239188
12101,0.0
6745,0.4646904761904762
233,0.85
18398,0.0
8059,0.002777777777777778
10358,0.0
18164,0.12632872682872678
29226,0.08119007292155489
22408,0.0
11360,0.5007067915744386
10200,0.0
11439,0.4809172100470158
17891,0.0
13384,0.06489117931422694
1361,0.5820342712842712
20543,0.0
6503,0.6360364485445753
706,0.42478433595495735
1979,0.6263015873015872
7482,0.16
19471,0.0
19092,0.0
7221,0.3684858904403747
3783,0.07
4586,0.07461256819342596
19779,0.22083333333333333
13463,0.6533814796314796
9212,0.0
13218,0.23812541201548393
6477,0.1821316732611881
28737,0.012434000554239188
25944,0.09788780984527606
18782,0.0
27925,0.05023509632569164
5860,0.1429754412254412
31082,0.27919444444444436
14193,0.03
24958,0.1974825741740267
8418,0.0
4385,0.0
20096,0.471452380952381
646,0.10897619047619049
19011,0.16422222222222213
30336,0.04721510897393241
21994,0.001153846153846154
7395,0.9266666666666665
18388,0.8225833333333334
31041,0.0
2345,0.4912619047619047
10650,0.078
6643,0.6064480368071355
10069,0.0
21898,0.0
2249,0.5544044418388113
16444,0.26253283945157
29679,0.1821316732611881
9079,0.46104116463172196
27382,0.28147540808746657
2395,0.6744709219018103
11430,0.00837144805783695
3714,0.7356880117817808
21419,0.19730003616937192
12172,0.3652338689794224
25223,0.3151262734726316
19248,0.01
31275,0.37200020597737293
12996,0.18326562760479767
31642,0.15333914984535385
14896,0.747575102245162
32019,0.030333333333333334
15853,0.2897858663775326
22330,0.11732617140277218
13676,0.0
616,0.9181818181818181
2980,0.0
2637,0.5392509192011095
12060,0.3139820077651364
29354,0.5544044418388113
7652,0.08449900606789151
475,0.7020891154245911
24152,0.18586726190688915
1350,0.7224285714285714
25659,0.3141268341995121
11132,0.7350226308237311
9171,0.7108333333333333
27684,0.0
19234,0.2707409735824365
25714,0.205
21637,0.0
14496,0.05499999999999999
30612,0.0
24667,0.0
27467,0.44432562801162895
17992,0.03047619047619048
2969,0.985
29418,0.4338262015762017
19951,0.3806553793581152
27110,0.06083333333333333
14016,0.0664516624268778
15211,0.06153968253968254
9764,0.04
17543,0.4020182637709726
28119,0.5828752628090864
19498,0.0
4837,0.9313492063492064
31861,0.6639730579877636
7526,0.26695658028109437
30242,0.0
5139,0.16
28325,0.2897858663775326
28920,0.704862360183352
17970,0.0
19788,0.4781438713505276
4619,0.18988568969258282
13385,0.1494364426130244
24349,0.3141268341995121
22376,0.1621526384596786
25416,0.26721773744789723
11458,0.0855584130586344
32418,0.0
9988,0.28
12444,0.17128688179787457
26023,0.0
6280,0.3675088219712797
11468,0.02
31167,0.12422727272727274
1040,0.020436507936507933
19412,0.11732617140277218
28708,0.40495644890884813
30372,0.012434000554239188
19081,0.08
11380,0.2372738095238095
12317,0.5544044418388113
5305,0.19730003616937192
22165,0.06
30922,0.07356035631035629
19494,0.015
9287,0.14563101562628752
13120,0.0
5624,0.3806553793581152
9460,0.18157142857142855
3648,0.12084135309135306
9279,0.8732243589743588
2925,0.23053460832735315
15998,0.06489117931422694
28835,0.0
2705,0.3034989235910287
31686,0.04335947949652358
11713,0.0
23273,0.12134760606400377
21468,0.0
7235,0.0
18453,0.19457539682539682
29233,0.4866666666666667
32550,0.2707409735824365
22821,0.3863635531135532
23148,0.5471515305118902
30879,0.2897858663775326
3474,0.6599509803921569
10585,0.3684858904403747
3404,0.1839919288016073
17526,0.13789518615084417
10928,0.0
10920,0.20350212998628564
16816,0.0
4341,0.0857812391856509
26981,0.0
22518,0.18965919074925305
19731,0.23812541201548393
11421,0.12787135087135082
30909,0.0
718,0.18342355796937834
31202,0.4046536774797901
10218,0.6379250819699732
6636,0.26084907240500294
24461,0.0
31846,0.42275238212080296
15971,0.23053460832735315
28968,0.48401587301587307
10327,0.056666666666666664
31616,0.39269813842410173
31058,0.36404948856939084
22184,0.20350212998628564
28204,0.2751089609695609
24044,0.12134760606400377
6219,0.0
25733,0.0
4214,0.0
3214,0.6974157509157508
2785,0.2199708624708623
31478,0.32761995746148187
24346,0.0
31634,0.5635000000000001
12641,0.0
24140,0.0
16671,0.5641174644889845
22759,0.6065
20396,0.0
22099,0.00837144805783695
20405,0.0
3405,0.22086917852234333
23390,0.1621526384596786
7855,0.22538095238095224
5987,0.06081139938492879
10811,0.0
29279,0.3139820077651364
24482,0.5060876582142455
26428,0.15481634438645803
10800,0.6744709219018103
19872,0.0
15795,0.49014219721608165
27315,0.504
26718,0.7482503607503606
3210,0.7231904761904763
21553,0.0
351,0.7231904761904763
12577,0.02176767676767677
24498,0.375
26970,0.5467902662782695
13516,0.17128688179787457
25129,0.3559999999999999
329,0.05007580069524962
5517,0.2376682378874296
8523,0.5544044418388113
28289,0.4338262015762017
2850,0.43009309322428524
18276,0.07243252743230273
4735,0.03735714285714286
8100,0.01
2936,0.0
20955,0.0
9955,0.0
14241,0.2634024309024309
12293,0.0022222222222222222
6626,0.20000000000000004
21981,0.16265945165945161
26048,0.31481300425664394
762,0.8555000000000001
16684,0.32530585850599186
10974,0.0
31076,0.0
12604,0.6735714285714286
178,0.16666666666666663
16692,0.3838333333333333
15734,0.055
27010,0.9740000000000001
31349,0.0
11834,0.1511507936507936
2977,0.21778968253968245
27097,0.1494364426130244
26905,0.39269813842410173
25025,0.05
10050,0.14384437784437784
13447,0.18586726190688915
10667,0.325655521395143
26743,0.0
1121,0.2317063492063491
2255,0.5529610218404133
19244,0.11895775071858065
10354,0.0
13679,0.14916666666666667
5936,0.99
7394,0.11732617140277218
9286,0.4237142857142856
22158,0.4544682539682541
24442,0.05266666666666667
11940,0.18586726190688915
4968,0.09391151946249676
11030,0.5382639645778461
519,0.28666423445885697
25364,0.01
18178,0.3979198700795931
135,0.6547316017316017
24870,0.0
29316,0.49483333333333335
14085,0.593986867139447
19066,0.22086917852234333
7615,0.0
5368,0.5471515305118902
31788,0.0
22176,0.254006868131868
11291,0.026330560288939302
13332,0.0
12741,0.027575757575757573
12372,0.0
8473,0.229523961058047
15428,0.01
27537,0.0189637607175748
18922,0.43392857142857144
8421,0.0
7361,0.13092074592074585
12160,0.0
7084,0.04
9094,0.183
349,0.24885714285714283
17906,0.07243252743230273
30236,0.06476058860972711
24725,0.01
14806,0.31787084208192873
11479,0.4763977170831074
13949,0.3675088219712797
1515,0.5062065485273758
9937,0.7845087156995052
5912,0.0
12631,0.0
9949,0.0
27440,0.0
22784,0.26661616161616153
2599,0.5427741401138436
25189,0.0
19444,0.0
30409,0.5678216518659547
26603,0.6355216171098677
29949,0.07688223846157281
30148,0.04335947949652358
31886,0.11732617140277218
19870,0.04
15604,0.2430714285714285
3094,0.15
8693,0.6723236585109649
14750,0.17730311644559354
15863,0.43162458741492615
22146,0.19014285714285717
3389,0.3820699855699855
3383,0.5062065485273758
15064,0.58264831900126
30761,0.0
8553,0.11848537981626213
5911,0.3134191260218407
3609,0.5641174644889845
16879,0.23072943722943723
22185,0.06489117931422694
27888,0.04027777777777779
19188,0.0
11436,0.5620247641247641
9838,0.012434000554239188
20921,0.07529543327142936
24527,0.6246031746031746
11285,0.0
26288,0.3806553793581152
30671,0.7821017647213463
28989,0.13
4246,0.49699999999999994
14575,0.5033065823065823
22572,0.2743333333333333
13115,0.00375
2782,0.16151149744648186
19921,0.4582777777777778
16867,0.0
31516,0.25666666666666665
14096,0.0
24005,0.25111812057126315
28202,0.14024247974247975
8830,0.11732617140277218
512,0.8609230769230769
14386,0.0
2056,0.6630867055242937
18044,0.3964858981383891
19639,0.3139820077651364
15279,0.7665158730158731
21859,0.002777777777777778
25027,0.24871340541678955
23432,0.0
17070,0.12419264568840614
16145,0.050666666666666665
15927,0.12419264568840614
22429,0.31481300425664394
4919,0.2060591766707553
26281,0.14083333333333334
25672,0.13789518615084417
4272,0.0
4297,0.075
3226,0.5051666666666665
31882,0.26888933891033673
25274,0.0
13807,0.03
22387,0.26084907240500294
31712,0.4809172100470158
29969,0.5471515305118902
10615,0.97
31925,0.11174425013366245
23630,0.934047619047619
869,0.99
15923,0.2430714285714285
20361,0.6360364485445753
22656,0.03
13748,0.00837144805783695
8764,0.6058971861471862
10892,0.0
21529,0.32497156352419493
10689,0.0
3303,0.24871340541678955
17690,0.28257936507936493
175,0.1546189942729581
11548,0.0
28283,0.23444594294594281
8769,0.09788780984527606
14028,0.14167285813527955
28994,0.5638333333333333
19874,0.0
2579,0.5241192557442559
13416,0.6
19936,0.0
28662,0.0
25316,0.0
18237,0.25323872206225123
9335,0.0
27753,0.7006366664810938
12018,0.0496969696969697
28664,0.0
30144,0.09188095238095238
16270,0.6788614295061661
4421,0.07461256819342596
18392,0.5429523809523809
30635,0.0
2461,0.10333333333333332
19830,0.14584163059163063
18999,0.0013333333333333333
18847,0.18326562760479767
7288,0.0
4981,0.0
18592,0.0
163,0.2376682378874296
2024,0.6063721979429242
4076,0.015
22199,0.1839919288016073
24384,0.26888933891033673
22873,0.14981393168910584
22255,0.04
7811,0.0
6409,0.61
1884,0.593986867139447
3327,0.09788780984527606
9839,0.229523961058047
4855,0.0
9763,0.5521184035262983
11006,0.06489117931422694
19589,0.0
26017,0.11174425013366245
8034,0.16422222222222213
5770,0.07461256819342596
4844,0.5020000000000001
4470,0.0855584130586344
30278,0.24871340541678955
30202,0.13277967898627385
26278,0.0
30030,0.04833333333333333
23548,0.3488628309433366
25597,0.05023509632569164
10745,0.31787084208192873
17843,0.3365471431815218
3734,0.9108823529411764
29009,0.095
6097,0.348
30932,0.0
9395,0.18883333333333335
12828,0.30233333333333334
9748,0.0
12958,0.05007580069524962
4386,0.7525357142857142
10818,0.3964858981383891
10288,0.1821316732611881
25633,0.0
5220,0.0
5898,0.3684858904403747
5881,0.10364932289932284
18262,0.5551666666666667
24408,0.03765237125158996
31923,0.1
5816,0.3889136166763722
8056,0.18966723472605826
3266,0.20864535464535458
31967,0.7578531746031745
24109,0.5471515305118902
5077,0.0
13215,0.471041847041847
574,0.7693315295815296
31608,0.41806577874397227
24910,0.01
11139,0.0
27227,0.03546031746031747
14671,0.0
11648,0.46766666666666656
13836,0.010634920634920634
14944,0.4823829781329779
3338,0.8854228855721393
2001,0.46894175831908025
29950,0.06419143338315166
7885,0.13133333333333333
25592,0.019285714285714285
9384,0.1637360728114298
23272,0.0
22392,0.13277967898627385
20188,0.1556256485695843
83,0.4763977170831074
18672,0.0
27009,0.0
5669,1.0
21639,0.7624523809523808
7115,0.0
11806,0.09788780984527606
9664,0.547285766908162
6196,0.3964858981383891
9334,0.0
32099,0.16903027528027523
27486,0.07461256819342596
30924,0.02333333333333333
23887,0.6994999999999999
7086,0.5427188051800279
24887,0.16422222222222213
11888,0.32530585850599186
30638,0.0
2306,0.13
2176,0.6528191620972688
32067,0.006666666666666666
11251,0.0
21607,0.3134191260218407
19252,0.32530585850599186
21092,0.0
32340,0.0
23508,0.12298745483005115
3177,0.11174425013366245
20982,0.13
16140,0.16151149744648186
18909,0.08119007292155489
2553,0.4772079390303041
15646,0.36077380952380933
1219,0.08730115338934105
31745,0.14531439393939388
27407,0.28
9096,0.39333333333333337
4756,0.12084135309135306
5939,0.0
7195,0.6781569914433689
19680,0.2288597588448282
7067,0.0
2429,0.96
22400,0.6486666666666666
5629,0.17730311644559354
5658,0.40580772005772
1050,0.13789518615084417
12699,0.7808333333333333
10538,0.0
8228,0.0
16811,0.0025
5688,0.4615000000000001
21360,0.0
22691,0.5330956543456541
3289,0.5101309523809524
10220,0.01513888888888889
1835,0.16583669108669105
15152,0.3889136166763722
29409,0.0
8835,0.04335947949652358
10387,0.61694451921316
5558,0.0
14375,0.0
29096,0.16842457195367402
27884,0.03765237125158996
23545,0.3547133977133975
17930,0.37200020597737293
27578,0.0
31821,0.20350212998628564
17777,0.6212584817143643
2271,0.11466666666666667
16698,0.8555000000000001
10806,0.2060591766707553
13043,0.0
5133,0.016
9504,0.08
22436,0.0
537,0.941153735153735
7250,0.22086917852234333
7034,0.023333333333333334
12422,0.0189637607175748
24218,0.09391151946249676
30673,0.20350212998628564
2149,0.0
3447,0.00837144805783695
32350,0.821923076923077
21757,0.20619328628887448
21571,0.3806553793581152
21099,0.2892380952380952
12117,0.2751089609695609
16054,0.44648179933241855
17256,0.5392509192011095
18902,0.0
30453,0.47081275750393414
10034,0.0
26534,0.2969022089022087
32173,0.011153818600725562
4581,0.018333333333333333
27567,0.0
12986,0.05023509632569164
17457,0.7240714285714286
14598,0.14042532467532462
18759,0.0
18994,0.00020618556701030926
26547,0.07243252743230273
2418,0.12
2906,0.7376587301587303
18033,0.06166666666666667
13037,0.4350746315200481
13841,0.607046470841894
15637,0.640915750915751
21060,0.0
18686,0.28666423445885697
16941,0.6723236585109649
13617,0.0
7528,0.04933333333333333
6748,0.38118961666987955
15127,0.0
13498,0.0
8776,0.0
23220,0.02
2281,0.5817575757575757
18063,0.0
9223,0.7632993207772617
32180,0.0
16807,0.03243398268398268
7506,0.6921865079365079
8318,0.0
18218,0.2452203854360064
5317,0.4912619047619047
28506,0.0
213,0.0981347826873845
18107,0.09
11861,0.93
9097,0.0
21592,0.48
32543,0.0
22832,0.2452203854360064
23525,0.0
27195,0.12298745483005115
6592,0.19730003616937192
27346,0.61694451921316
2556,0.3139820077651364
26203,0.026330560288939302
2875,1.0
21668,0.0
2178,0.0
6261,0.2295672901257841
24618,0.0
17444,0.4532609564334836
30197,0.1621526384596786
24397,0.0
26218,0.0189637607175748
10165,0.9211006428212304
13106,0.2843045288045288
7497,0.0
29298,0.0
12292,0.2288597588448282
23410,0.6275357142857141
21172,0.734990607248751
30646,0.27217948717948715
24907,0.1821316732611881
22720,0.0022222222222222222
3630,0.26888933891033673
32287,0.0
2813,0.3722092957590547
13943,0.4074127254754189
19267,0.2295672901257841
31403,0.007083333333333333
30634,0.26695658028109437
25624,0.13030006835269994
12031,0.08449900606789151
11451,0.00837144805783695
5405,0.15951319795958638
30766,0.06
24860,0.00837144805783695
25773,0.9468333333333334
8902,0.16626731601731592
22607,0.31787084208192873
16615,0.28147540808746657
21796,0.0
6861,0.0
638,0.12419264568840614
6271,0.0
3922,0.42083333333333345
8946,0.18342355796937834
6204,0.2333333333333333
11260,0.28666423445885697
17913,0.07243252743230273
26481,0.19732215007215
13659,0.21476190476190468
14513,0.23053460832735315
30944,0.18603704749007405
28761,0.0
28614,0.02780303030303031
13264,0.07024999999999999
10899,0.02484989569907387
26935,0.0
4775,0.006666666666666666
15102,0.1974825741740267
7511,0.0
7366,0.0
1374,0.229523961058047
24334,0.0
1943,0.4128462370962371
20537,0.0
14981,0.0
28534,0.23812541201548393
4998,0.01
31031,0.0
5808,0.12419264568840614
13793,0.0
2194,0.24871340541678955
15785,0.7767795815295812
11760,0.06489117931422694
17657,0.6478278647886014
4304,0.5962416437076253
25852,0.012434000554239188
28156,0.0
6064,0.027641025641025642
16758,0.7676468253968253
6965,0.8160494505494507
274,0.17730311644559354
8325,0.04366666666666667
17873,0.5962416437076253
17672,0.18586726190688915
12644,0.0
30194,0.5860762537685911
14923,0.1081190223175517
22642,0.4781438713505276
10605,0.5184761904761905
8528,0.26695658028109437
29375,0.15333914984535385
29653,0.3881597876177117
13912,0.09788780984527606
6985,0.4350746315200481
23898,0.0
21746,0.01
32063,0.03337012987012986
4075,0.0
10061,0.07688223846157281
22044,0.2376682378874296
24453,0.84
6762,0.0
30384,0.17128688179787457
22664,0.229523961058047
22081,0.2
30997,0.5062065485273758
19715,0.1621526384596786
22030,0.0
21897,0.0
6684,0.7850403713933126
21450,0.5056666666666666
14640,0.5464646059817221
25233,0.010634920634920634
5031,0.0855584130586344
19706,0.005
8184,0.0
23491,0.2288597588448282
22729,0.7443578944705105
2647,0.04524603174603174
1655,0.0
2500,0.23812541201548393
20409,0.11895775071858065
10206,0.0
15985,0.2897858663775326
28703,0.2177133130027866
19072,0.325655521395143
20689,0.17066666666666663
19539,0.3652338689794224
30266,0.39445634920634925
10666,0.9706666666666665
23185,0.0
6205,0.0
10412,0.20350212998628564
16796,0.03
24859,0.2811984126984126
8491,0.2177133130027866
14759,0.4297081529581531
21990,0.6349656005329377
20375,0.1621526384596786
3087,0.18326562760479767
2549,0.3108849359055795
5151,0.0
9905,0.29487419524919517
8893,0.0
6620,0.1821316732611881
838,0.24871340541678955
19913,0.45366666666666666
20280,0.06489117931422694
13749,0.26695658028109437
16093,0.6064480368071355
29365,0.20350212998628564
30074,0.6612446757236872
6829,0.6596666666666667
31864,0.0
14789,0.0
28663,0.09788780984527606
16829,0.0
31620,0.3488628309433366
19457,0.0
15471,0.01
13208,0.6913095238095238
8631,0.04335947949652358
25169,0.24433333333333335
12894,0.6894436674436671
2009,0.5471515305118902
17538,0.5382639645778461
19711,0.20350212998628564
25989,0.2635
763,0.5073179875679874
1301,0.18326562760479767
19175,0.04
9324,0.03604212956038996
5559,0.12660658949047177
28386,0.2177133130027866
24415,0.1494364426130244
5751,0.04794292549555707
16973,0.0928729644538468
19370,0.4046536774797901
8972,0.0
26325,0.10100000000000002
12713,0.44266666666666665
26482,0.5427741401138436
5643,0.44648179933241855
12506,0.12134760606400377
27160,0.0002325581395348837
1632,0.46138095238095234
17019,0.5018452380952381
4830,0.0
29603,0.5076974943271382
21412,0.1839919288016073
5043,0.00837144805783695
2223,0.24684066750243208
1534,0.995
16554,0.015
3242,0.06419143338315166
27751,0.7525357142857142
25064,0.0
16765,0.20302777777777778
4743,0.0
24529,0.0
9244,0.15333914984535385
25880,0.0
709,0.6167976190476189
1849,0.38290476190476186
13890,0.7482619047619048
7557,0.08119007292155489
10085,0.1
24694,0.5035000000000001
3111,0.0
30691,0.0
30693,0.31481300425664394
10319,0.001030127372700528
21963,0.3139820077651364
24337,0.05575
1530,0.19
23521,0.1546189942729581
31357,0.00837144805783695
24571,0.235
21809,0.6682142857142856
13212,0.1954989783451596
22309,0.1
9656,0.0
21597,0.11895775071858065
10556,0.934047619047619
2018,0.77
8494,0.14167285813527955
9865,0.3806553793581152
13277,0.4703721833721835
30817,0.18988568969258282
26569,0.0
12016,0.39916666666666667
2246,0.20350212998628564
5398,0.03765237125158996
16429,0.0
5467,0.0
15576,0.0
3058,0.12660658949047177
14356,0.0
19337,0.0
32559,0.20477778269629024
7141,0.0
8351,0.3033534694417121
8616,0.0
7494,0.12066666666666666
27469,0.2034859987998882
12618,0.26721773744789723
20726,0.16
20402,0.0
18476,0.0
25358,0.0022222222222222222
2802,0.11732617140277218
17047,0.0
32438,0.3786557901163162
18436,0.20477778269629024
19718,0.1839919288016073
1839,0.16
5388,0.0
30116,0.5075685148185148
17738,0.09788780984527606
29858,0.0
21066,0.0
31934,0.01
27279,0.3806553793581152
1087,0.0
648,0.0
14620,0.1556256485695843
6392,0.07364281381075362
5122,0.4312300199800198
4360,0.38354806828391735
5690,0.4360543900543901
17973,0.0
2184,0.34015051615051606
8697,0.09788780984527606
19012,0.07577452324936843
14316,0.011153818600725562
28714,0.0
24578,0.08730115338934105
23894,0.18326562760479767
6227,0.1522222222222222
19922,0.0
7321,0.0
17724,0.4625984848484848
16008,0.93
16844,0.29123890196042557
31332,0.6703806597099315
31068,0.26695658028109437
7710,0.0
977,0.12419264568840614
26750,0.34637063879576174
24918,0.5090714285714285
5462,0.3151262734726316
2094,1.0
5316,0.11732617140277218
5088,0.18326562760479767
6374,0.0
20609,0.2969022089022087
28430,0.04335947949652358
2034,1.0
20991,0.31787084208192873
24542,0.0
27461,0.0022222222222222222
32368,0.0
11979,0.28666423445885697
3359,0.48085396466278824
461,0.12318056943056942
31949,0.0
29458,0.1839919288016073
7363,0.3471684704184704
5123,0.6244669107638149
4983,0.6639730579877636
21295,0.0
29649,0.0
26211,0.7087023809523808
17883,0.3669442592240811
17209,0.0
143,0.025
1242,0.0
7155,0.3141268341995121
16626,0.0
6790,0.30397823719108547
9399,0.0
757,0.31481300425664394
28453,0.026330560288939302
28960,0.11732617140277218
21162,0.0
30796,0.095
28433,0.0847456334515158
18458,0.42267857142857146
19927,0.40469047619047616
22298,0.607046470841894
25692,0.43009309322428524
25889,0.12134760606400377
22237,0.2707409735824365
10040,0.47081275750393414
25856,0.2510119047619047
26684,0.0
21466,0.1821316732611881
28770,0.1269629259629259
18067,0.09
19792,0.11895775071858065
9657,0.5822459924836086
21983,0.26695658028109437
12648,0.09788780984527606
21136,0.03604212956038996
16595,0.3964858981383891
28221,0.5228948877919467
31494,0.19730003616937192
28813,0.24871340541678955
19447,0.0147979797979798
6040,0.8008986291486286
10364,0.7506251919305323
30921,0.23053460832735315
9553,0.0
6445,0.04
31841,0.35505627705627707
6893,0.8066190476190477
27932,0.04176365882011044
27384,0.38118961666987955
4126,0.0
27735,0.0
8843,0.12134760606400377
24199,0.02484989569907387
20262,0.08231035625170356
9715,0.32799999999999996
18895,0.01
17129,0.3034989235910287
16742,0.0
29888,0.1974825741740267
2869,0.31787084208192873
4211,0.0
28998,0.12628250834133187
1175,0.61694451921316
21804,0.026330560288939302
17183,0.0
2282,0.18988568969258282
24516,0.0
13699,0.17674321152976602
7966,0.935
8863,0.0
16776,0.0
24419,0.15333914984535385
31014,0.7386666666666667
2208,0.48085396466278824
18290,0.0
3444,0.07
3148,0.1821316732611881
25363,0.0
20400,0.3033534694417121
17458,0.57571645021645
11708,0.07461256819342596
26527,0.7350226308237311
6299,0.0
31999,0.0
1966,0.733300505050505
3164,0.2972619047619047
26670,0.0
29462,0.2730490978921318
11653,0.09788780984527606
29273,0.0
12771,0.9853333333333333
32467,0.34015051615051606
12419,0.06489117931422694
8522,0.12566761016761016
32201,0.06666666666666667
19632,0.0
28033,0.3555238095238095
10565,0.3964858981383891
10475,0.5427741401138436
7323,0.818
22839,0.011153818600725562
20740,0.1494364426130244
31648,0.09788780984527606
31128,0.006666666666666666
9611,0.11167093462952594
2359,0.5528151777159284
18347,0.1821316732611881
13317,0.229523961058047
17221,0.07461256819342596
11092,0.0
25442,0.23053460832735315
23260,0.13789518615084417
15681,0.15951319795958638
9601,0.3964858981383891
9134,0.2034859987998882
26755,0.32761995746148187
3426,0.27462968975468965
5652,0.0
32141,0.24871340541678955
9272,0.01
27242,0.3787003783487865
23619,0.4046536774797901
16156,0.1291190476190476
20575,0.37481024531024537
16634,0.003333333333333333
772,0.32530585850599186
30532,0.135
28037,0.12660658949047177
31674,0.3787003783487865
31344,0.0
29841,0.2452203854360064
20346,0.6639730579877636
1360,0.16
21285,0.012333333333333333
14766,0.06180643792911595
27625,0.05023509632569164
18173,0.6286666666666667
22978,0.1494364426130244
25916,0.2600833333333332
29665,0.0
10289,0.2980190567516417
27624,0.3033534694417121
21226,0.1
16956,0.21366666666666667
4453,0.0
2905,0.06316666666666666
17729,0.12660658949047177
7834,0.13863636363636364
28074,0.2060591766707553
17259,0.0
29977,0.1839919288016073
28498,0.7214285714285714
909,0.28666423445885697
14646,0.0
2020,0.6723236585109649
32042,0.39333333333333337
2699,0.11258695652173913
13062,0.24871340541678955
4323,0.09788780984527606
20787,0.0
32098,0.025
21686,0.0
12290,0.03604212956038996
31678,0.14496344872877379
9974,0.0
24556,0.0
16509,0.229523961058047
6916,0.8816666666666666
3453,0.15333914984535385
25156,0.08730115338934105
7440,0.2295672901257841
1436,0.6039217658192453
8073,0.20350212998628564
15560,0.0
25969,0.0
10673,0.6097088744588745
22576,0.1981818181818182
11185,0.4558333333333333
6536,1.0
12235,0.01143847709346681
27774,0.09391151946249676
14206,0.1621526384596786
32171,0.004
9135,0.6058971861471862
20746,0.03604212956038996
11100,0.13
3654,0.05367729930887826
20148,0.39661621630003974
14413,0.248
6567,0.008
23822,0.5427188051800279
23651,0.5113505938505939
12969,0.011153818600725562
9122,0.8551287878787878
18180,0.18666666666666665
3301,0.07
20293,0.1621526384596786
29948,0.02270833333333333
11791,0.00837144805783695
6641,0.0
22269,0.0
24264,0.0
19530,0.4046536774797901
15720,0.0
22141,0.1258108541785012
9783,0.5328452380952383
7209,1.0
23726,0.0
29180,0.0
25382,0.16151149744648186
18836,0.3151262734726316
31192,0.40071415745491995
7418,0.0
3248,0.09731601731601731
19207,0.6022420634920636
1462,0.11732617140277218
1075,0.0
28,0.10745098039215688
22551,0.3151262734726316
1473,0.01
30043,0.081
13501,0.1839919288016073
3972,0.13616720207896676
18612,0.0
14164,0.29123890196042557
30806,0.0
24763,0.31481300425664394
24240,0.05
28906,0.12660658949047177
3124,0.6360364485445753
15753,0.09788780984527606
19486,0.03765237125158996
23704,0.0
28316,0.0
31782,0.34980952380952374
29660,0.0
27483,0.06683333333333334
20256,0.2993026094276094
5487,0.0873658259525132
3765,0.0495
17597,0.0
16482,0.0
16020,0.142
295,0.0
25462,0.17730311644559354
17901,0.0
11174,0.04721510897393241
3950,0.0
28184,0.0002325581395348837
7062,0.0
9265,0.05007580069524962
28758,0.47494444444444434
15338,0.10906746031746035
11724,0.0
2614,0.4074127254754189
16304,0.02291666666666667
19407,0.14167285813527955
3040,0.0
25601,0.2317063492063491
11102,0.06489117931422694
13470,0.2452203854360064
24202,0.06180643792911595
270,0.0
17900,0.0
16756,0.00837144805783695
31103,0.0
30758,0.01143847709346681
28043,0.0
13008,0.026330560288939302
18186,0.75
29361,0.5860762537685911
24834,0.20619328628887448
14054,0.006999999999999999
416,0.6869549339549336
24247,0.18586726190688915
6460,0.24871340541678955
13957,0.04933333333333333
27805,0.5427188051800279
23146,0.6680652958152958
24876,0.0
20083,0.1621526384596786
28572,0.28515908817785307
11632,0.04721510897393241
17749,0.6528191620972688
11465,0.0855584130586344
17622,0.20350212998628564
18008,0.419136007504533
8586,0.3365471431815218
6558,0.3199114496614496
29467,0.05007580069524962
32167,0.6063721979429242
24360,0.02484989569907387
16674,0.7010833333333334
1480,0.5962416437076253
24231,0.0
12795,0.013666666666666666
18206,0.14167285813527955
30953,0.18586726190688915
3218,0.2295672901257841
20564,0.747575102245162
15979,0.0
13790,0.0
17157,0.006940836940836941
32515,0.2372738095238095
29897,0.16
16558,0.002
31852,0.42033333333333334
25593,0.0
15586,0.28666423445885697
88,0.7747619047619044
23761,0.14066666666666666
21870,0.2707409735824365
7633,0.0
6489,0.0664516624268778
922,0.3627359307359306
14453,0.2034859987998882
13999,0.20046548937970216
6887,0.0
28170,0.0
14692,0.00125
20539,0.0
29850,0.8203505954829481
31156,0.0
1276,0.5427741401138436
26262,0.6612446757236872
27680,0.6439647154960622
30880,0.0
2748,0.18326562760479767
28056,0.0
11532,0.47494444444444434
6421,0.1
24669,0.0
4670,0.0
16916,0.0
17119,0.25111812057126315
13080,0.0
3193,0.8121666666666666
30886,0.22086917852234333
30097,0.11895775071858065
28964,0.20350212998628564
10577,0.0
31257,0.0
10221,0.9985714285714287
31709,0.3669442592240811
24983,0.6004285714285714
23001,0.19504761904761905
11354,0.004523809523809524
20587,0.2707409735824365
31931,0.4696428571428571
14264,0.3516577931012916
29416,0.9211006428212304
19475,0.3139820077651364
7713,0.0
3478,0.9965
10052,0.025412087912087912
12020,0.05007580069524962
11492,0.1821316732611881
20596,0.0
959,0.31481300425664394
14448,0.36404948856939084
23736,0.0
32047,0.0
25990,0.08119007292155489
27507,0.769694205046759
9065,0.7128571428571425
2195,0.7108333333333333
26919,0.0
15227,0.0
24206,0.555
275,0.3621764069264069
6030,0.06
32207,0.45140526099362427
14351,0.5529610218404133
26934,0.89
18600,0.16583669108669105
8074,0.20033477633477634
2082,0.46745454545454534
16759,0.0
19241,0.4653256258518405
25155,0.0
13688,0.00837144805783695
2148,0.2295672901257841
28552,0.28666423445885697
24021,0.35540271493212666
13199,0.24871340541678955
15424,0.2068903964177435
17911,0.012909090909090908
3166,0.2897858663775326
1899,0.2288597588448282
9721,0.020769230769230766
31916,0.3321061438561437
31336,0.28666423445885697
14940,0.0
9516,0.04
30481,0.5491204906204906
479,0.06
23028,0.5184761904761905
32135,0.4361247581108262
18231,0.0
8696,0.0
11967,0.3964858981383891
6533,0.229523961058047
9859,0.4818575681367999
29150,0.0
23250,0.24684066750243208
1389,0.26695658028109437
12750,0.28663141292560645
15961,0.09788780984527606
23755,0.11174425013366245
9853,0.4297081529581531
17469,0.12000000000000002
11155,0.005
4475,0.996
16685,0.0
6303,0.0
30138,0.6835952380952383
8703,0.6703806597099315
16782,0.0
9925,0.17128688179787457
22697,0.17464033189033185
13241,0.0
17014,0.08730115338934105
26371,0.16
16268,0.02
29250,0.5464646059817221
3495,0.21472011730099955
4179,0.02
19704,0.15951319795958638
15415,0.0
29942,0.0
6593,0.28666423445885697
13343,0.07529543327142936
8046,0.0
14069,0.21
3118,0.03337012987012986
29397,0.2495357142857143
12904,0.03765237125158996
19811,0.18642640416074244
22877,0.5328452380952383
7186,0.0
6278,0.1621526384596786
32118,0.01
19719,1.0
32162,0.2937983817431828
12071,0.0
31946,0.19773914585706012
305,0.0
27322,0.1201108225108225
27809,0.3684858904403747
31351,0.09788780984527606
18791,0.1839919288016073
28449,0.12632872682872678
27748,0.0
17683,0.42698914537524696
21693,0.17730311644559354
10839,0.6117157287157284
21962,0.6612446757236872
9881,0.0
18151,0.0
25915,0.0
21540,0.3151262734726316
25267,0.0
12216,0.229523961058047
4960,0.2707409735824365
2882,0.8391757703081228
22060,0.5610455463862354
25084,0.4046536774797901
6952,0.17847869674185465
15509,0.0
14202,0.1494364426130244
10550,0.0
27306,0.5419523809523809
11236,0.01
2920,0.34980952380952374
27553,0.0
25607,0.4297081529581531
12356,0.2364404761904761
13810,0.0
18773,0.3131833151343519
25644,0.28515908817785307
24810,0.00837144805783695
2521,0.067264195728592
28625,0.0
593,0.19466666666666668
19216,0.36404948856939084
2807,0.26695658028109437
9922,0.0855584130586344
29638,0.8068503880816794
12607,0.946235294117647
13270,0.21
17986,0.0335
7817,0.2751089609695609
24659,0.5184007936507936
8925,0.18326562760479767
9150,0.006666666666666666
3070,0.0
10193,0.22077380952380937
26352,0.1621526384596786
17438,0.0
20589,0.08119007292155489
5668,0.2751089609695609
27652,0.00026422107304460246
14735,0.1621526384596786
4426,0.24
